WT,,,,,
DHLLFI,,,,,
Positions,,,,,
233,254,271,272,306,313
Genotype,Function,,,,
DHLLFI,-0.084,,,,
DHLLFI,-0.013,,,,
DHLLFI,0.059,,,,
EHLLFI,0.298,,,,
EHLLFI,0.387,,,,
EHLLFI,0.417,,,,
DRLLFI,1.648,,,,
DRLLFI,1.529,,,,
DRLLFI,1.687,,,,
DHFLFI,0.191,,,,
DHFLFI,0.188,,,,
DHFLFI,0.155,,,,
DHLMFI,0.179,,,,
DHLMFI,0.213,,,,
DHLMFI,0.182,,,,
DHLLII,-0.462,,,,
DHLLII,-0.446,,,,
DHLLII,-0.488,,,,
DHLLFF,-0.483,,,,
DHLLFF,-0.425,,,,
DHLLFF,-0.404,,,,
ERLLFI,1.886,,,,
ERLLFI,1.819,,,,
ERLLFI,1.882,,,,
EHFLFI,0.332,,,,
EHFLFI,0.387,,,,
EHFLFI,0.345,,,,
EHLMFI,0.4,,,,
EHLMFI,0.444,,,,
EHLMFI,0.456,,,,
EHLLII,-0.094,,,,
EHLLII,-0.172,,,,
EHLLII,-0.136,,,,
EHLLFF,0.015,,,,
EHLLFF,-0.036,,,,
EHLLFF,-0.004,,,,
DRFLFI,1.62,,,,
DRFLFI,1.531,,,,
DRFLFI,1.611,,,,
DRLMFI,1.926,,,,
DRLMFI,1.773,,,,
DRLMFI,1.819,,,,
DRLLII,0.906,,,,
DRLLII,0.886,,,,
DRLLII,0.922,,,,
DRLLFF,1.635,,,,
DRLLFF,1.583,,,,
DRLLFF,1.67,,,,
DHFMFI,0.208,,,,
DHFMFI,0.256,,,,
DHFMFI,0.271,,,,
DHFLII,-0.333,,,,
DHFLII,-0.3,,,,
DHFLII,-0.287,,,,
DHFLFF,0.529,,,,
DHFLFF,0.456,,,,
DHFLFF,0.528,,,,
DHLMII,-0.272,,,,
DHLMII,-0.315,,,,
DHLMII,-0.256,,,,
DHLMFF,0.045,,,,
DHLMFF,0.074,,,,
DHLMFF,-0.048,,,,
DHLLIF,-0.819,,,,
DHLLIF,-0.796,,,,
DHLLIF,-0.794,,,,
ERFLFI,1.938,,,,
ERFLFI,1.757,,,,
ERFLFI,1.757,,,,
ERLMFI,2.062,,,,
ERLMFI,1.975,,,,
ERLMFI,1.869,,,,
ERLLII,1.345,,,,
ERLLII,1.351,,,,
ERLLII,1.327,,,,
ERLLFF,1.552,,,,
ERLLFF,1.296,,,,
ERLLFF,1.44,,,,
EHFMFI,0.546,,,,
EHFMFI,0.446,,,,
EHFMFI,0.429,,,,
EHFLII,-0.129,,,,
EHFLII,-0.137,,,,
EHFLII,-0.113,,,,
EHFLFF,0.252,,,,
EHFLFF,0.28,,,,
EHFLFF,0.156,,,,
EHLMII,-0.137,,,,
EHLMII,-0.078,,,,
EHLMII,-0.11,,,,
EHLMFF,0.165,,,,
EHLMFF,0.015,,,,
EHLMFF,0.074,,,,
EHLLIF,-0.443,,,,
EHLLIF,-0.455,,,,
EHLLIF,-0.522,,,,
DRFMFI,1.804,,,,
DRFMFI,1.651,,,,
DRFMFI,1.642,,,,
DRFLII,0.593,,,,
DRFLII,0.539,,,,
DRFLII,0.474,,,,
DRFLFF,1.521,,,,
DRFLFF,1.58,,,,
DRFLFF,1.592,,,,
DRLMII,1.098,,,,
DRLMII,0.904,,,,
DRLMII,1.218,,,,
DRLMFF,1.812,,,,
DRLMFF,1.811,,,,
DRLMFF,1.981,,,,
DRLLIF,0.447,,,,
DRLLIF,0.45,,,,
DRLLIF,0.473,,,,
DHFMII,-0.29,,,,
DHFMII,-0.334,,,,
DHFMII,-0.281,,,,
DHFMFF,0.607,,,,
DHFMFF,0.582,,,,
DHFMFF,0.468,,,,
DHFLIF,-0.181,,,,
DHFLIF,-0.093,,,,
DHFLIF,-0.144,,,,
DHLMIF,-0.769,,,,
DHLMIF,-0.802,,,,
DHLMIF,-0.811,,,,
ERFMFI,1.793,,,,
ERFMFI,1.788,,,,
ERFMFI,1.789,,,,
ERFLII,1.815,,,,
ERFLII,1.73,,,,
ERFLII,1.827,,,,
ERFLFF,1.757,,,,
ERFLFF,1.783,,,,
ERFLFF,1.822,,,,
ERLMII,1.539,,,,
ERLMII,1.345,,,,
ERLMII,1.69,,,,
ERLMFF,1.823,,,,
ERLMFF,1.645,,,,
ERLMFF,1.775,,,,
ERLLIF,1.097,,,,
ERLLIF,1.003,,,,
ERLLIF,1.051,,,,
EHFMII,-0.029,,,,
EHFMII,-0.101,,,,
EHFMII,-0.067,,,,
EHFMFF,0.196,,,,
EHFMFF,0.285,,,,
EHFMFF,0.109,,,,
EHFLIF,-0.381,,,,
EHFLIF,-0.299,,,,
EHFLIF,-0.312,,,,
EHLMIF,-0.004,,,,
EHLMIF,0.168,,,,
EHLMIF,0.109,,,,
DHFMIF,-0.084,,,,
DHFMIF,-0.085,,,,
DHFMIF,-0.103,,,,
DRLMIF,1.22,,,,
DRLMIF,1.232,,,,
DRLMIF,1.134,,,,
DRFMII,1.537,,,,
DRFMII,1.452,,,,
DRFMII,1.533,,,,
DRFMFF,1.811,,,,
DRFMFF,1.746,,,,
DRFMFF,1.813,,,,
DRFLIF,1.279,,,,
DRFLIF,1.15,,,,
DRFLIF,1.079,,,,
DRFMIF,1.843,,,,
DRFMIF,1.916,,,,
DRFMIF,1.94,,,,
EHFMIF,-0.239,,,,
EHFMIF,-0.396,,,,
EHFMIF,-0.301,,,,
ERLMIF,1.284,,,,
ERLMIF,1.249,,,,
ERLMIF,1.272,,,,
ERFLIF,1.848,,,,
ERFLIF,1.807,,,,
ERFLIF,1.91,,,,
ERFMFF,1.84,,,,
ERFMFF,1.909,,,,
ERFMFF,1.906,,,,
ERFMII,2.014,,,,
ERFMII,1.935,,,,
ERFMII,2.065,,,,
ERFMIF,1.956,,,,
ERFMIF,1.853,,,,
ERFMIF,1.981,,,,